Station,Date,Time,Pressure,RH,Temp,WD,WS,PREC,NO,NO2,NOX,O3,PM10,PM2.5
"תל אביב-יפו, אוניברסיטה",01/06/2023,01:00,,58.0,,102.0,0.9,0.0,,,,,,
"תל אביב-יפו, אוניברסיטה",01/06/2023,07:00,,47.0,,15.0,2.0,0.0,,,,,,
"תל אביב-יפו, אוניברסיטה",01/06/2023,13:00,,49.0,,11.0,8.2,0.0,,,,,,
"תל אביב-יפו, אוניברסיטה",01/06/2023,19:00,,29.0,,28.0,4.8,0.0,,,,,,
"תל אביב-יפו, אוניברסיטה",02/06/2023,01:00,,52.0,,12.0,2.3,0.0,,,,,,
"תל אביב-יפו, אוניברסיטה",02/06/2023,07:00,,36.0,,121.0,1.4,0.0,,,,,,
"תל אביב-יפו, אוניברסיטה",02/06/2023,13:00,,21.0,,246.0,2.7,0.0,,,,,,
"תל אביב-יפו, אוניברסיטה",02/06/2023,19:00,,58.0,,357.0,2.6,0.0,,,,,,
"תל אביב-יפו, אוניברסיטה",03/06/2023,01:00,,43.0,,15.0,0.3,0.0,,,,,,
"תל אביב-יפו, אוניברסיטה",03/06/2023,07:00,,80.0,,270.0,2.7,0.0,,,,,,
"תל אביב-יפו, אוניברסיטה",03/06/2023,13:00,,72.0,,321.0,4.2,0.0,,,,,,
"תל אביב-יפו, אוניברסיטה",03/06/2023,19:00,,80.0,,333.0,3.9,0.0,,,,,,
"תל אביב-יפו, אוניברסיטה",04/06/2023,01:00,,76.0,,327.0,1.1,0.0,,,,,,
"תל אביב-יפו, אוניברסיטה",04/06/2023,07:00,,70.0,,322.0,1.8,0.0,,,,,,
"תל אביב-יפו, אוניברסיטה",04/06/2023,13:00,,74.0,,345.0,6.0,0.0,,,,,,
"תל אביב-יפו, אוניברסיטה",04/06/2023,19:00,,78.0,,4.0,6.5,0.0,,,,,,
"תל אביב-יפו, אוניברסיטה",05/06/2023,01:00,,76.0,,322.0,1.2,0.0,,,,,,
"תל אביב-יפו, אוניברסיטה",05/06/2023,07:00,,75.0,,305.0,1.5,0.0,,,,,,
"תל אביב-יפו, אוניברסיטה",05/06/2023,13:00,,61.0,,328.0,4.0,0.0,,,,,,
"תל אביב-יפו, אוניברסיטה",05/06/2023,19:00,,73.0,,349.0,3.9,0.0,,,,,,
"תל אביב-יפו, אוניברסיטה",06/06/2023,01:00,,73.0,,345.0,1.7,0.0,,,,,,
"תל אביב-יפו, אוניברסיטה",06/06/2023,07:00,,69.0,,274.0,1.7,0.0,,,,,,
"תל אביב-יפו, אוניברסיטה",06/06/2023,13:00,,66.0,,332.0,5.3,0.0,,,,,,
"תל אביב-יפו, אוניברסיטה",06/06/2023,19:00,,79.0,,5.0,4.9,0.0,,,,,,
"תל אביב-יפו, אוניברסיטה",07/06/2023,01:00,,77.0,,49.0,2.5,0.0,,,,,,
"תל אביב-יפו, אוניברסיטה",07/06/2023,07:00,,79.0,,350.0,2.6,0.0,,,,,,
"תל אביב-יפו, אוניברסיטה",07/06/2023,13:00,,67.0,,336.0,4.5,0.0,,,,,,
"תל אביב-יפו, אוניברסיטה",07/06/2023,19:00,,81.0,,358.0,4.6,0.0,,,,,,
"תל אביב-יפו, אוניברסיטה",08/06/2023,01:00,,83.0,,58.0,2.3,0.0,,,,,,
"תל אביב-יפו, אוניברסיטה",08/06/2023,07:00,,75.0,,86.0,1.4,0.0,,,,,,
"תל אביב-יפו, אוניברסיטה",08/06/2023,13:00,,79.0,,356.0,4.4,0.0,,,,,,
"תל אביב-יפו, אוניברסיטה",08/06/2023,19:00,,78.0,,58.0,0.6,0.0,,,,,,
"תל אביב-יפו, אוניברסיטה",09/06/2023,01:00,,53.0,,120.0,4.4,0.0,,,,,,
"תל אביב-יפו, אוניברסיטה",09/06/2023,07:00,,54.0,,88.0,3.3,0.0,,,,,,
"תל אביב-יפו, אוניברסיטה",09/06/2023,13:00,,54.0,,316.0,2.4,0.0,,,,,,
"תל אביב-יפו, אוניברסיטה",09/06/2023,19:00,,79.0,,8.0,5.0,0.0,,,,,,
"תל אביב-יפו, אוניברסיטה",10/06/2023,01:00,,85.0,,1.0,4.9,0.0,,,,,,
"תל אביב-יפו, אוניברסיטה",10/06/2023,07:00,,80.0,,243.0,1.4,0.0,,,,,,
"תל אביב-יפו, אוניברסיטה",10/06/2023,13:00,,81.0,,279.0,3.4,0.0,,,,,,
"תל אביב-יפו, אוניברסיטה",10/06/2023,19:00,,83.0,,315.0,2.6,0.0,,,,,,
"תל אביב-יפו, אוניברסיטה",11/06/2023,01:00,,83.0,,264.0,2.0,0.0,,,,,,
"תל אביב-יפו, אוניברסיטה",11/06/2023,07:00,,78.0,,232.0,3.0,0.0,,,,,,
"תל אביב-יפו, אוניברסיטה",11/06/2023,13:00,,74.0,,281.0,4.8,0.0,,,,,,
"תל אביב-יפו, אוניברסיטה",11/06/2023,19:00,,76.0,,326.0,3.1,0.0,,,,,,
"תל אביב-יפו, אוניברסיטה",12/06/2023,01:00,,79.0,,210.0,0.8,0.0,,,,,,
"תל אביב-יפו, אוניברסיטה",12/06/2023,07:00,,70.0,,114.0,1.1,0.0,,,,,,
"תל אביב-יפו, אוניברסיטה",12/06/2023,13:00,,67.0,,284.0,4.1,0.0,,,,,,
"תל אביב-יפו, אוניברסיטה",01/06/2023,01:00,,58.0,,102.0,0.9,0.0,,,,,,
"תל אביב-יפו, אוניברסיטה",01/06/2023,07:00,,47.0,,15.0,2.0,0.0,,,,,,
"תל אביב-יפו, אוניברסיטה",01/06/2023,13:00,,49.0,,11.0,8.2,0.0,,,,,,
"תל אביב-יפו, אוניברסיטה",01/06/2023,19:00,,29.0,,28.0,4.8,0.0,,,,,,
"תל אביב-יפו, אוניברסיטה",02/06/2023,01:00,,52.0,,12.0,2.3,0.0,,,,,,
"תל אביב-יפו, אוניברסיטה",02/06/2023,07:00,,36.0,,121.0,1.4,0.0,,,,,,
"תל אביב-יפו, אוניברסיטה",02/06/2023,13:00,,21.0,,246.0,2.7,0.0,,,,,,
"תל אביב-יפו, אוניברסיטה",02/06/2023,19:00,,58.0,,357.0,2.6,0.0,,,,,,
"תל אביב-יפו, אוניברסיטה",03/06/2023,01:00,,43.0,,15.0,0.3,0.0,,,,,,
"תל אביב-יפו, אוניברסיטה",03/06/2023,07:00,,80.0,,270.0,2.7,0.0,,,,,,
"תל אביב-יפו, אוניברסיטה",03/06/2023,13:00,,72.0,,321.0,4.2,0.0,,,,,,
"תל אביב-יפו, אוניברסיטה",03/06/2023,19:00,,80.0,,333.0,3.9,0.0,,,,,,
"תל אביב-יפו, אוניברסיטה",04/06/2023,01:00,,76.0,,327.0,1.1,0.0,,,,,,
"תל אביב-יפו, אוניברסיטה",04/06/2023,07:00,,70.0,,322.0,1.8,0.0,,,,,,
"תל אביב-יפו, אוניברסיטה",04/06/2023,13:00,,74.0,,345.0,6.0,0.0,,,,,,
"תל אביב-יפו, אוניברסיטה",04/06/2023,19:00,,78.0,,4.0,6.5,0.0,,,,,,
"תל אביב-יפו, אוניברסיטה",05/06/2023,01:00,,76.0,,322.0,1.2,0.0,,,,,,
"תל אביב-יפו, אוניברסיטה",05/06/2023,07:00,,75.0,,305.0,1.5,0.0,,,,,,
"תל אביב-יפו, אוניברסיטה",05/06/2023,13:00,,61.0,,328.0,4.0,0.0,,,,,,
"תל אביב-יפו, אוניברסיטה",05/06/2023,19:00,,73.0,,349.0,3.9,0.0,,,,,,
"תל אביב-יפו, אוניברסיטה",06/06/2023,01:00,,73.0,,345.0,1.7,0.0,,,,,,
"תל אביב-יפו, אוניברסיטה",06/06/2023,07:00,,69.0,,274.0,1.7,0.0,,,,,,
"תל אביב-יפו, אוניברסיטה",06/06/2023,13:00,,66.0,,332.0,5.3,0.0,,,,,,
"תל אביב-יפו, אוניברסיטה",06/06/2023,19:00,,79.0,,5.0,4.9,0.0,,,,,,
"תל אביב-יפו, אוניברסיטה",07/06/2023,01:00,,77.0,,49.0,2.5,0.0,,,,,,
"תל אביב-יפו, אוניברסיטה",07/06/2023,07:00,,79.0,,350.0,2.6,0.0,,,,,,
"תל אביב-יפו, אוניברסיטה",07/06/2023,13:00,,67.0,,336.0,4.5,0.0,,,,,,
"תל אביב-יפו, אוניברסיטה",07/06/2023,19:00,,81.0,,358.0,4.6,0.0,,,,,,
"תל אביב-יפו, אוניברסיטה",08/06/2023,01:00,,83.0,,58.0,2.3,0.0,,,,,,
"תל אביב-יפו, אוניברסיטה",08/06/2023,07:00,,75.0,,86.0,1.4,0.0,,,,,,
"תל אביב-יפו, אוניברסיטה",08/06/2023,13:00,,79.0,,356.0,4.4,0.0,,,,,,
"תל אביב-יפו, אוניברסיטה",08/06/2023,19:00,,78.0,,58.0,0.6,0.0,,,,,,
"תל אביב-יפו, אוניברסיטה",09/06/2023,01:00,,53.0,,120.0,4.4,0.0,,,,,,
"תל אביב-יפו, אוניברסיטה",09/06/2023,07:00,,54.0,,88.0,3.3,0.0,,,,,,
"תל אביב-יפו, אוניברסיטה",09/06/2023,13:00,,54.0,,316.0,2.4,0.0,,,,,,
"תל אביב-יפו, אוניברסיטה",09/06/2023,19:00,,79.0,,8.0,5.0,0.0,,,,,,
"תל אביב-יפו, אוניברסיטה",10/06/2023,01:00,,85.0,,1.0,4.9,0.0,,,,,,
"תל אביב-יפו, אוניברסיטה",10/06/2023,07:00,,80.0,,243.0,1.4,0.0,,,,,,
"תל אביב-יפו, אוניברסיטה",10/06/2023,13:00,,81.0,,279.0,3.4,0.0,,,,,,
"תל אביב-יפו, אוניברסיטה",10/06/2023,19:00,,83.0,,315.0,2.6,0.0,,,,,,
"תל אביב-יפו, אוניברסיטה",11/06/2023,01:00,,83.0,,264.0,2.0,0.0,,,,,,
"תל אביב-יפו, אוניברסיטה",11/06/2023,07:00,,78.0,,232.0,3.0,0.0,,,,,,
"תל אביב-יפו, אוניברסיטה",11/06/2023,13:00,,74.0,,281.0,4.8,0.0,,,,,,
"תל אביב-יפו, אוניברסיטה",11/06/2023,19:00,,76.0,,326.0,3.1,0.0,,,,,,
"תל אביב-יפו, אוניברסיטה",12/06/2023,01:00,,79.0,,210.0,0.8,0.0,,,,,,
"תל אביב-יפו, אוניברסיטה",12/06/2023,07:00,,70.0,,114.0,1.1,0.0,,,,,,
"תל אביב-יפו, אוניברסיטה",12/06/2023,13:00,,67.0,,284.0,4.1,0.0,,,,,,
"תל אביב-יפו, אוניברסיטה",01/06/2023,01:00,,58.0,,102.0,0.9,0.0,,,,,,
"תל אביב-יפו, אוניברסיטה",01/06/2023,07:00,,47.0,,15.0,2.0,0.0,,,,,,
"תל אביב-יפו, אוניברסיטה",01/06/2023,13:00,,49.0,,11.0,8.2,0.0,,,,,,
"תל אביב-יפו, אוניברסיטה",01/06/2023,19:00,,29.0,,28.0,4.8,0.0,,,,,,
"תל אביב-יפו, אוניברסיטה",02/06/2023,01:00,,52.0,,12.0,2.3,0.0,,,,,,
"תל אביב-יפו, אוניברסיטה",02/06/2023,07:00,,36.0,,121.0,1.4,0.0,,,,,,
"תל אביב-יפו, אוניברסיטה",02/06/2023,13:00,,21.0,,246.0,2.7,0.0,,,,,,
"תל אביב-יפו, אוניברסיטה",02/06/2023,19:00,,58.0,,357.0,2.6,0.0,,,,,,
"תל אביב-יפו, אוניברסיטה",03/06/2023,01:00,,43.0,,15.0,0.3,0.0,,,,,,
"תל אביב-יפו, אוניברסיטה",03/06/2023,07:00,,80.0,,270.0,2.7,0.0,,,,,,
"תל אביב-יפו, אוניברסיטה",03/06/2023,13:00,,72.0,,321.0,4.2,0.0,,,,,,
"תל אביב-יפו, אוניברסיטה",03/06/2023,19:00,,80.0,,333.0,3.9,0.0,,,,,,
"תל אביב-יפו, אוניברסיטה",04/06/2023,01:00,,76.0,,327.0,1.1,0.0,,,,,,
"תל אביב-יפו, אוניברסיטה",04/06/2023,07:00,,70.0,,322.0,1.8,0.0,,,,,,
"תל אביב-יפו, אוניברסיטה",04/06/2023,13:00,,74.0,,345.0,6.0,0.0,,,,,,
"תל אביב-יפו, אוניברסיטה",04/06/2023,19:00,,78.0,,4.0,6.5,0.0,,,,,,
"תל אביב-יפו, אוניברסיטה",05/06/2023,01:00,,76.0,,322.0,1.2,0.0,,,,,,
"תל אביב-יפו, אוניברסיטה",05/06/2023,07:00,,75.0,,305.0,1.5,0.0,,,,,,
"תל אביב-יפו, אוניברסיטה",05/06/2023,13:00,,61.0,,328.0,4.0,0.0,,,,,,
"תל אביב-יפו, אוניברסיטה",05/06/2023,19:00,,73.0,,349.0,3.9,0.0,,,,,,
"תל אביב-יפו, אוניברסיטה",06/06/2023,01:00,,73.0,,345.0,1.7,0.0,,,,,,
"תל אביב-יפו, אוניברסיטה",06/06/2023,07:00,,69.0,,274.0,1.7,0.0,,,,,,
"תל אביב-יפו, אוניברסיטה",06/06/2023,13:00,,66.0,,332.0,5.3,0.0,,,,,,
"תל אביב-יפו, אוניברסיטה",06/06/2023,19:00,,79.0,,5.0,4.9,0.0,,,,,,
"תל אביב-יפו, אוניברסיטה",07/06/2023,01:00,,77.0,,49.0,2.5,0.0,,,,,,
"תל אביב-יפו, אוניברסיטה",07/06/2023,07:00,,79.0,,350.0,2.6,0.0,,,,,,
"תל אביב-יפו, אוניברסיטה",07/06/2023,13:00,,67.0,,336.0,4.5,0.0,,,,,,
"תל אביב-יפו, אוניברסיטה",07/06/2023,19:00,,81.0,,358.0,4.6,0.0,,,,,,
"תל אביב-יפו, אוניברסיטה",08/06/2023,01:00,,83.0,,58.0,2.3,0.0,,,,,,
"תל אביב-יפו, אוניברסיטה",08/06/2023,07:00,,75.0,,86.0,1.4,0.0,,,,,,
"תל אביב-יפו, אוניברסיטה",08/06/2023,13:00,,79.0,,356.0,4.4,0.0,,,,,,
"תל אביב-יפו, אוניברסיטה",08/06/2023,19:00,,78.0,,58.0,0.6,0.0,,,,,,
"תל אביב-יפו, אוניברסיטה",09/06/2023,01:00,,53.0,,120.0,4.4,0.0,,,,,,
"תל אביב-יפו, אוניברסיטה",09/06/2023,07:00,,54.0,,88.0,3.3,0.0,,,,,,
"תל אביב-יפו, אוניברסיטה",09/06/2023,13:00,,54.0,,316.0,2.4,0.0,,,,,,
"תל אביב-יפו, אוניברסיטה",09/06/2023,19:00,,79.0,,8.0,5.0,0.0,,,,,,
"תל אביב-יפו, אוניברסיטה",10/06/2023,01:00,,85.0,,1.0,4.9,0.0,,,,,,
"תל אביב-יפו, אוניברסיטה",10/06/2023,07:00,,80.0,,243.0,1.4,0.0,,,,,,
"תל אביב-יפו, אוניברסיטה",10/06/2023,13:00,,81.0,,279.0,3.4,0.0,,,,,,
"תל אביב-יפו, אוניברסיטה",10/06/2023,19:00,,83.0,,315.0,2.6,0.0,,,,,,
"תל אביב-יפו, אוניברסיטה",11/06/2023,01:00,,83.0,,264.0,2.0,0.0,,,,,,
"תל אביב-יפו, אוניברסיטה",11/06/2023,07:00,,78.0,,232.0,3.0,0.0,,,,,,
"תל אביב-יפו, אוניברסיטה",11/06/2023,13:00,,74.0,,281.0,4.8,0.0,,,,,,
"תל אביב-יפו, אוניברסיטה",11/06/2023,19:00,,76.0,,326.0,3.1,0.0,,,,,,
"תל אביב-יפו, אוניברסיטה",12/06/2023,01:00,,79.0,,210.0,0.8,0.0,,,,,,
"תל אביב-יפו, אוניברסיטה",12/06/2023,07:00,,70.0,,114.0,1.1,0.0,,,,,,
"תל אביב-יפו, אוניברסיטה",12/06/2023,13:00,,67.0,,284.0,4.1,0.0,,,,,,
"עפולה, עפולה",01/06/2023,01:00,,81.0,11.7,352.0,1.2,0.0,,,,,,
"עפולה, עפולה",01/06/2023,07:00,,67.0,33.0,131.0,0.3,0.0,,,,,,
"עפולה, עפולה",01/06/2023,13:00,,37.0,41.5,332.0,4.8,0.0,,,,,,
"עפולה, עפולה",01/06/2023,19:00,,38.0,25.5,303.0,3.1,0.0,,,,,,
"עפולה, עפולה",02/06/2023,01:00,,50.0,22.5,282.0,1.9,0.0,,,,,,
"עפולה, עפולה",02/06/2023,07:00,,43.0,29.5,105.0,5.7,0.0,,,,,,
"עפולה, עפולה",02/06/2023,13:00,,26.0,46.4,100.0,5.3,0.0,,,,,,
"עפולה, עפולה",02/06/2023,19:00,,28.0,26.8,288.0,1.8,0.0,,,,,,
"עפולה, עפולה",03/06/2023,01:00,,48.0,20.3,64.0,0.4,0.0,,,,,,
"עפולה, עפולה",03/06/2023,07:00,,59.0,37.8,292.0,3.1,0.0,,,,,,
"עפולה, עפולה",03/06/2023,13:00,,49.0,48.0,293.0,4.4,0.0,,,,,,
"עפולה, עפולה",03/06/2023,19:00,,73.0,21.4,302.0,3.1,0.0,,,,,,
"עפולה, עפולה",04/06/2023,01:00,,83.0,16.4,273.0,1.7,0.0,,,,,,
"עפולה, עפולה",04/06/2023,07:00,,75.0,35.1,136.0,1.1,0.0,,,,,,
"עפולה, עפולה",04/06/2023,13:00,,50.0,45.9,319.0,4.0,0.0,,,,,,
"עפולה, עפולה",04/06/2023,19:00,,74.0,21.3,313.0,2.8,0.0,,,,,,
"עפולה, עפולה",05/06/2023,01:00,,90.0,15.6,272.0,1.3,0.0,,,,,,
"עפולה, עפולה",05/06/2023,07:00,,78.0,38.3,288.0,1.7,0.0,,,,,,
"עפולה, עפולה",05/06/2023,13:00,,38.0,46.9,336.0,2.5,0.0,,,,,,
"עפולה, עפולה",05/06/2023,19:00,,73.0,20.8,312.0,3.1,0.0,,,,,,
"עפולה, עפולה",06/06/2023,01:00,,85.0,17.6,22.0,0.3,0.0,,,,,,
"עפולה, עפולה",06/06/2023,07:00,,72.0,38.9,229.0,0.8,0.0,,,,,,
"עפולה, עפולה",06/06/2023,13:00,,48.0,44.7,319.0,4.7,0.0,,,,,,
"עפולה, עפולה",06/06/2023,19:00,,77.0,21.6,300.0,3.3,0.0,,,,,,
"עפולה, עפולה",07/06/2023,01:00,,88.0,15.9,281.0,1.2,0.0,,,,,,
"עפולה, עפולה",07/06/2023,07:00,,77.0,35.7,316.0,2.4,0.0,,,,,,
"עפולה, עפולה",07/06/2023,13:00,,45.0,45.2,325.0,4.8,0.0,,,,,,
"עפולה, עפולה",07/06/2023,19:00,,76.0,22.4,321.0,2.7,0.0,,,,,,
"עפולה, עפולה",08/06/2023,01:00,,91.0,16.0,267.0,1.0,0.0,,,,,,
"עפולה, עפולה",08/06/2023,07:00,,89.0,28.2,205.0,0.7,0.0,,,,,,
"עפולה, עפולה",08/06/2023,13:00,,29.0,44.7,217.0,2.3,0.0,,,,,,
"עפולה, עפולה",08/06/2023,19:00,,66.0,24.6,239.0,1.8,0.0,,,,,,
"עפולה, עפולה",09/06/2023,01:00,,68.0,21.2,347.0,1.1,0.0,,,,,,
"עפולה, עפולה",09/06/2023,07:00,,52.0,26.2,99.0,5.8,0.0,,,,,,
"עפולה, עפולה",09/06/2023,13:00,,36.0,40.3,64.0,5.7,0.0,,,,,,
"עפולה, עפולה",09/06/2023,19:00,,36.0,31.0,49.0,3.7,0.0,,,,,,
"עפולה, עפולה",10/06/2023,01:00,,67.0,20.8,346.0,2.1,0.0,,,,,,
"עפולה, עפולה",10/06/2023,07:00,,68.0,37.1,334.0,1.1,0.0,,,,,,
"עפולה, עפולה",10/06/2023,13:00,,36.0,42.5,277.0,5.7,0.0,,,,,,
"עפולה, עפולה",10/06/2023,19:00,,75.0,23.5,277.0,3.5,0.0,,,,,,
"עפולה, עפולה",11/06/2023,01:00,,90.0,16.8,310.0,1.0,0.0,,,,,,
"עפולה, עפולה",11/06/2023,07:00,,82.0,32.9,282.0,1.3,0.0,,,,,,
"עפולה, עפולה",11/06/2023,13:00,,46.0,41.9,291.0,3.5,0.0,,,,,,
"עפולה, עפולה",11/06/2023,19:00,,71.0,22.5,288.0,2.5,0.0,,,,,,
"עפולה, עפולה",12/06/2023,01:00,,88.0,18.0,255.0,2.0,0.0,,,,,,
"עפולה, עפולה",12/06/2023,07:00,,70.0,36.2,301.0,1.1,0.0,,,,,,
"עפולה, עפולה",12/06/2023,13:00,,35.0,41.0,289.0,4.2,0.0,,,,,,
"תל אביב-יפו, אוניברסיטה",01/06/2023,01:00,,58.0,,102.0,0.9,0.0,,,,,,
"תל אביב-יפו, אוניברסיטה",01/06/2023,07:00,,47.0,,15.0,2.0,0.0,,,,,,
"תל אביב-יפו, אוניברסיטה",01/06/2023,13:00,,49.0,,11.0,8.2,0.0,,,,,,
"תל אביב-יפו, אוניברסיטה",01/06/2023,19:00,,29.0,,28.0,4.8,0.0,,,,,,
"תל אביב-יפו, אוניברסיטה",02/06/2023,01:00,,52.0,,12.0,2.3,0.0,,,,,,
"תל אביב-יפו, אוניברסיטה",02/06/2023,07:00,,36.0,,121.0,1.4,0.0,,,,,,
"תל אביב-יפו, אוניברסיטה",02/06/2023,13:00,,21.0,,246.0,2.7,0.0,,,,,,
"תל אביב-יפו, אוניברסיטה",02/06/2023,19:00,,58.0,,357.0,2.6,0.0,,,,,,
"תל אביב-יפו, אוניברסיטה",03/06/2023,01:00,,43.0,,15.0,0.3,0.0,,,,,,
"תל אביב-יפו, אוניברסיטה",03/06/2023,07:00,,80.0,,270.0,2.7,0.0,,,,,,
"תל אביב-יפו, אוניברסיטה",03/06/2023,13:00,,72.0,,321.0,4.2,0.0,,,,,,
"תל אביב-יפו, אוניברסיטה",03/06/2023,19:00,,80.0,,333.0,3.9,0.0,,,,,,
"תל אביב-יפו, אוניברסיטה",04/06/2023,01:00,,76.0,,327.0,1.1,0.0,,,,,,
"תל אביב-יפו, אוניברסיטה",04/06/2023,07:00,,70.0,,322.0,1.8,0.0,,,,,,
"תל אביב-יפו, אוניברסיטה",04/06/2023,13:00,,74.0,,345.0,6.0,0.0,,,,,,
"תל אביב-יפו, אוניברסיטה",04/06/2023,19:00,,78.0,,4.0,6.5,0.0,,,,,,
"תל אביב-יפו, אוניברסיטה",05/06/2023,01:00,,76.0,,322.0,1.2,0.0,,,,,,
"תל אביב-יפו, אוניברסיטה",05/06/2023,07:00,,75.0,,305.0,1.5,0.0,,,,,,
"תל אביב-יפו, אוניברסיטה",05/06/2023,13:00,,61.0,,328.0,4.0,0.0,,,,,,
"תל אביב-יפו, אוניברסיטה",05/06/2023,19:00,,73.0,,349.0,3.9,0.0,,,,,,
"תל אביב-יפו, אוניברסיטה",06/06/2023,01:00,,73.0,,345.0,1.7,0.0,,,,,,
"תל אביב-יפו, אוניברסיטה",06/06/2023,07:00,,69.0,,274.0,1.7,0.0,,,,,,
"תל אביב-יפו, אוניברסיטה",06/06/2023,13:00,,66.0,,332.0,5.3,0.0,,,,,,
"תל אביב-יפו, אוניברסיטה",06/06/2023,19:00,,79.0,,5.0,4.9,0.0,,,,,,
"תל אביב-יפו, אוניברסיטה",07/06/2023,01:00,,77.0,,49.0,2.5,0.0,,,,,,
"תל אביב-יפו, אוניברסיטה",07/06/2023,07:00,,79.0,,350.0,2.6,0.0,,,,,,
"תל אביב-יפו, אוניברסיטה",07/06/2023,13:00,,67.0,,336.0,4.5,0.0,,,,,,
"תל אביב-יפו, אוניברסיטה",07/06/2023,19:00,,81.0,,358.0,4.6,0.0,,,,,,
"תל אביב-יפו, אוניברסיטה",08/06/2023,01:00,,83.0,,58.0,2.3,0.0,,,,,,
"תל אביב-יפו, אוניברסיטה",08/06/2023,07:00,,75.0,,86.0,1.4,0.0,,,,,,
"תל אביב-יפו, אוניברסיטה",08/06/2023,13:00,,79.0,,356.0,4.4,0.0,,,,,,
"תל אביב-יפו, אוניברסיטה",08/06/2023,19:00,,78.0,,58.0,0.6,0.0,,,,,,
"תל אביב-יפו, אוניברסיטה",09/06/2023,01:00,,53.0,,120.0,4.4,0.0,,,,,,
"תל אביב-יפו, אוניברסיטה",09/06/2023,07:00,,54.0,,88.0,3.3,0.0,,,,,,
"תל אביב-יפו, אוניברסיטה",09/06/2023,13:00,,54.0,,316.0,2.4,0.0,,,,,,
"תל אביב-יפו, אוניברסיטה",09/06/2023,19:00,,79.0,,8.0,5.0,0.0,,,,,,
"תל אביב-יפו, אוניברסיטה",10/06/2023,01:00,,85.0,,1.0,4.9,0.0,,,,,,
"תל אביב-יפו, אוניברסיטה",10/06/2023,07:00,,80.0,,243.0,1.4,0.0,,,,,,
"תל אביב-יפו, אוניברסיטה",10/06/2023,13:00,,81.0,,279.0,3.4,0.0,,,,,,
"תל אביב-יפו, אוניברסיטה",10/06/2023,19:00,,83.0,,315.0,2.6,0.0,,,,,,
"תל אביב-יפו, אוניברסיטה",11/06/2023,01:00,,83.0,,264.0,2.0,0.0,,,,,,
"תל אביב-יפו, אוניברסיטה",11/06/2023,07:00,,78.0,,232.0,3.0,0.0,,,,,,
"תל אביב-יפו, אוניברסיטה",11/06/2023,13:00,,74.0,,281.0,4.8,0.0,,,,,,
"תל אביב-יפו, אוניברסיטה",11/06/2023,19:00,,76.0,,326.0,3.1,0.0,,,,,,
"תל אביב-יפו, אוניברסיטה",12/06/2023,01:00,,79.0,,210.0,0.8,0.0,,,,,,
"תל אביב-יפו, אוניברסיטה",12/06/2023,07:00,,70.0,,114.0,1.1,0.0,,,,,,
"תל אביב-יפו, אוניברסיטה",12/06/2023,13:00,,67.0,,284.0,4.1,0.0,,,,,,
"עפולה, עפולה",01/06/2023,01:00,,81.0,11.7,352.0,1.2,0.0,,,,,,
"עפולה, עפולה",01/06/2023,07:00,,67.0,33.0,131.0,0.3,0.0,,,,,,
"עפולה, עפולה",01/06/2023,13:00,,37.0,41.5,332.0,4.8,0.0,,,,,,
"עפולה, עפולה",01/06/2023,19:00,,38.0,25.5,303.0,3.1,0.0,,,,,,
"עפולה, עפולה",02/06/2023,01:00,,50.0,22.5,282.0,1.9,0.0,,,,,,
"עפולה, עפולה",02/06/2023,07:00,,43.0,29.5,105.0,5.7,0.0,,,,,,
"עפולה, עפולה",02/06/2023,13:00,,26.0,46.4,100.0,5.3,0.0,,,,,,
"עפולה, עפולה",02/06/2023,19:00,,28.0,26.8,288.0,1.8,0.0,,,,,,
"עפולה, עפולה",03/06/2023,01:00,,48.0,20.3,64.0,0.4,0.0,,,,,,
"עפולה, עפולה",03/06/2023,07:00,,59.0,37.8,292.0,3.1,0.0,,,,,,
"עפולה, עפולה",03/06/2023,13:00,,49.0,48.0,293.0,4.4,0.0,,,,,,
"עפולה, עפולה",03/06/2023,19:00,,73.0,21.4,302.0,3.1,0.0,,,,,,
"עפולה, עפולה",04/06/2023,01:00,,83.0,16.4,273.0,1.7,0.0,,,,,,
"עפולה, עפולה",04/06/2023,07:00,,75.0,35.1,136.0,1.1,0.0,,,,,,
"עפולה, עפולה",04/06/2023,13:00,,50.0,45.9,319.0,4.0,0.0,,,,,,
"עפולה, עפולה",04/06/2023,19:00,,74.0,21.3,313.0,2.8,0.0,,,,,,
"עפולה, עפולה",05/06/2023,01:00,,90.0,15.6,272.0,1.3,0.0,,,,,,
"עפולה, עפולה",05/06/2023,07:00,,78.0,38.3,288.0,1.7,0.0,,,,,,
"עפולה, עפולה",05/06/2023,13:00,,38.0,46.9,336.0,2.5,0.0,,,,,,
"עפולה, עפולה",05/06/2023,19:00,,73.0,20.8,312.0,3.1,0.0,,,,,,
"עפולה, עפולה",06/06/2023,01:00,,85.0,17.6,22.0,0.3,0.0,,,,,,
"עפולה, עפולה",06/06/2023,07:00,,72.0,38.9,229.0,0.8,0.0,,,,,,
"עפולה, עפולה",06/06/2023,13:00,,48.0,44.7,319.0,4.7,0.0,,,,,,
"עפולה, עפולה",06/06/2023,19:00,,77.0,21.6,300.0,3.3,0.0,,,,,,
"עפולה, עפולה",07/06/2023,01:00,,88.0,15.9,281.0,1.2,0.0,,,,,,
"עפולה, עפולה",07/06/2023,07:00,,77.0,35.7,316.0,2.4,0.0,,,,,,
"עפולה, עפולה",07/06/2023,13:00,,45.0,45.2,325.0,4.8,0.0,,,,,,
"עפולה, עפולה",07/06/2023,19:00,,76.0,22.4,321.0,2.7,0.0,,,,,,
"עפולה, עפולה",08/06/2023,01:00,,91.0,16.0,267.0,1.0,0.0,,,,,,
"עפולה, עפולה",08/06/2023,07:00,,89.0,28.2,205.0,0.7,0.0,,,,,,
"עפולה, עפולה",08/06/2023,13:00,,29.0,44.7,217.0,2.3,0.0,,,,,,
"עפולה, עפולה",08/06/2023,19:00,,66.0,24.6,239.0,1.8,0.0,,,,,,
"עפולה, עפולה",09/06/2023,01:00,,68.0,21.2,347.0,1.1,0.0,,,,,,
"עפולה, עפולה",09/06/2023,07:00,,52.0,26.2,99.0,5.8,0.0,,,,,,
"עפולה, עפולה",09/06/2023,13:00,,36.0,40.3,64.0,5.7,0.0,,,,,,
"עפולה, עפולה",09/06/2023,19:00,,36.0,31.0,49.0,3.7,0.0,,,,,,
"עפולה, עפולה",10/06/2023,01:00,,67.0,20.8,346.0,2.1,0.0,,,,,,
"עפולה, עפולה",10/06/2023,07:00,,68.0,37.1,334.0,1.1,0.0,,,,,,
"עפולה, עפולה",10/06/2023,13:00,,36.0,42.5,277.0,5.7,0.0,,,,,,
"עפולה, עפולה",10/06/2023,19:00,,75.0,23.5,277.0,3.5,0.0,,,,,,
"עפולה, עפולה",11/06/2023,01:00,,90.0,16.8,310.0,1.0,0.0,,,,,,
"עפולה, עפולה",11/06/2023,07:00,,82.0,32.9,282.0,1.3,0.0,,,,,,
"עפולה, עפולה",11/06/2023,13:00,,46.0,41.9,291.0,3.5,0.0,,,,,,
"עפולה, עפולה",11/06/2023,19:00,,71.0,22.5,288.0,2.5,0.0,,,,,,
"עפולה, עפולה",12/06/2023,01:00,,88.0,18.0,255.0,2.0,0.0,,,,,,
"עפולה, עפולה",12/06/2023,07:00,,70.0,36.2,301.0,1.1,0.0,,,,,,
"עפולה, עפולה",12/06/2023,13:00,,35.0,41.0,289.0,4.2,0.0,,,,,,
"תל אביב-יפו, אוניברסיטה",01/06/2023,01:00,,58.0,,102.0,0.9,0.0,,,,,,
"תל אביב-יפו, אוניברסיטה",01/06/2023,07:00,,47.0,,15.0,2.0,0.0,,,,,,
"תל אביב-יפו, אוניברסיטה",01/06/2023,13:00,,49.0,,11.0,8.2,0.0,,,,,,
"תל אביב-יפו, אוניברסיטה",01/06/2023,19:00,,29.0,,28.0,4.8,0.0,,,,,,
"תל אביב-יפו, אוניברסיטה",02/06/2023,01:00,,52.0,,12.0,2.3,0.0,,,,,,
"תל אביב-יפו, אוניברסיטה",02/06/2023,07:00,,36.0,,121.0,1.4,0.0,,,,,,
"תל אביב-יפו, אוניברסיטה",02/06/2023,13:00,,21.0,,246.0,2.7,0.0,,,,,,
"תל אביב-יפו, אוניברסיטה",02/06/2023,19:00,,58.0,,357.0,2.6,0.0,,,,,,
"תל אביב-יפו, אוניברסיטה",03/06/2023,01:00,,43.0,,15.0,0.3,0.0,,,,,,
"תל אביב-יפו, אוניברסיטה",03/06/2023,07:00,,80.0,,270.0,2.7,0.0,,,,,,
"תל אביב-יפו, אוניברסיטה",03/06/2023,13:00,,72.0,,321.0,4.2,0.0,,,,,,
"תל אביב-יפו, אוניברסיטה",03/06/2023,19:00,,80.0,,333.0,3.9,0.0,,,,,,
"תל אביב-יפו, אוניברסיטה",04/06/2023,01:00,,76.0,,327.0,1.1,0.0,,,,,,
"תל אביב-יפו, אוניברסיטה",04/06/2023,07:00,,70.0,,322.0,1.8,0.0,,,,,,
"תל אביב-יפו, אוניברסיטה",04/06/2023,13:00,,74.0,,345.0,6.0,0.0,,,,,,
"תל אביב-יפו, אוניברסיטה",04/06/2023,19:00,,78.0,,4.0,6.5,0.0,,,,,,
"תל אביב-יפו, אוניברסיטה",05/06/2023,01:00,,76.0,,322.0,1.2,0.0,,,,,,
"תל אביב-יפו, אוניברסיטה",05/06/2023,07:00,,75.0,,305.0,1.5,0.0,,,,,,
"תל אביב-יפו, אוניברסיטה",05/06/2023,13:00,,61.0,,328.0,4.0,0.0,,,,,,
"תל אביב-יפו, אוניברסיטה",05/06/2023,19:00,,73.0,,349.0,3.9,0.0,,,,,,
"תל אביב-יפו, אוניברסיטה",06/06/2023,01:00,,73.0,,345.0,1.7,0.0,,,,,,
"תל אביב-יפו, אוניברסיטה",06/06/2023,07:00,,69.0,,274.0,1.7,0.0,,,,,,
"תל אביב-יפו, אוניברסיטה",06/06/2023,13:00,,66.0,,332.0,5.3,0.0,,,,,,
"תל אביב-יפו, אוניברסיטה",06/06/2023,19:00,,79.0,,5.0,4.9,0.0,,,,,,
"תל אביב-יפו, אוניברסיטה",07/06/2023,01:00,,77.0,,49.0,2.5,0.0,,,,,,
"תל אביב-יפו, אוניברסיטה",07/06/2023,07:00,,79.0,,350.0,2.6,0.0,,,,,,
"תל אביב-יפו, אוניברסיטה",07/06/2023,13:00,,67.0,,336.0,4.5,0.0,,,,,,
"תל אביב-יפו, אוניברסיטה",07/06/2023,19:00,,81.0,,358.0,4.6,0.0,,,,,,
"תל אביב-יפו, אוניברסיטה",08/06/2023,01:00,,83.0,,58.0,2.3,0.0,,,,,,
"תל אביב-יפו, אוניברסיטה",08/06/2023,07:00,,75.0,,86.0,1.4,0.0,,,,,,
"תל אביב-יפו, אוניברסיטה",08/06/2023,13:00,,79.0,,356.0,4.4,0.0,,,,,,
"תל אביב-יפו, אוניברסיטה",08/06/2023,19:00,,78.0,,58.0,0.6,0.0,,,,,,
"תל אביב-יפו, אוניברסיטה",09/06/2023,01:00,,53.0,,120.0,4.4,0.0,,,,,,
"תל אביב-יפו, אוניברסיטה",09/06/2023,07:00,,54.0,,88.0,3.3,0.0,,,,,,
"תל אביב-יפו, אוניברסיטה",09/06/2023,13:00,,54.0,,316.0,2.4,0.0,,,,,,
"תל אביב-יפו, אוניברסיטה",09/06/2023,19:00,,79.0,,8.0,5.0,0.0,,,,,,
"תל אביב-יפו, אוניברסיטה",10/06/2023,01:00,,85.0,,1.0,4.9,0.0,,,,,,
"תל אביב-יפו, אוניברסיטה",10/06/2023,07:00,,80.0,,243.0,1.4,0.0,,,,,,
"תל אביב-יפו, אוניברסיטה",10/06/2023,13:00,,81.0,,279.0,3.4,0.0,,,,,,
"תל אביב-יפו, אוניברסיטה",10/06/2023,19:00,,83.0,,315.0,2.6,0.0,,,,,,
"תל אביב-יפו, אוניברסיטה",11/06/2023,01:00,,83.0,,264.0,2.0,0.0,,,,,,
"תל אביב-יפו, אוניברסיטה",11/06/2023,07:00,,78.0,,232.0,3.0,0.0,,,,,,
"תל אביב-יפו, אוניברסיטה",11/06/2023,13:00,,74.0,,281.0,4.8,0.0,,,,,,
"תל אביב-יפו, אוניברסיטה",11/06/2023,19:00,,76.0,,326.0,3.1,0.0,,,,,,
"תל אביב-יפו, אוניברסיטה",12/06/2023,01:00,,79.0,,210.0,0.8,0.0,,,,,,
"תל אביב-יפו, אוניברסיטה",12/06/2023,07:00,,70.0,,114.0,1.1,0.0,,,,,,
"תל אביב-יפו, אוניברסיטה",12/06/2023,13:00,,67.0,,284.0,4.1,0.0,,,,,,
"עפולה, עפולה",01/06/2023,01:00,,81.0,11.7,352.0,1.2,0.0,,,,,,
"עפולה, עפולה",01/06/2023,07:00,,67.0,33.0,131.0,0.3,0.0,,,,,,
"עפולה, עפולה",01/06/2023,13:00,,37.0,41.5,332.0,4.8,0.0,,,,,,
"עפולה, עפולה",01/06/2023,19:00,,38.0,25.5,303.0,3.1,0.0,,,,,,
"עפולה, עפולה",02/06/2023,01:00,,50.0,22.5,282.0,1.9,0.0,,,,,,
"עפולה, עפולה",02/06/2023,07:00,,43.0,29.5,105.0,5.7,0.0,,,,,,
"עפולה, עפולה",02/06/2023,13:00,,26.0,46.4,100.0,5.3,0.0,,,,,,
"עפולה, עפולה",02/06/2023,19:00,,28.0,26.8,288.0,1.8,0.0,,,,,,
"עפולה, עפולה",03/06/2023,01:00,,48.0,20.3,64.0,0.4,0.0,,,,,,
"עפולה, עפולה",03/06/2023,07:00,,59.0,37.8,292.0,3.1,0.0,,,,,,
"עפולה, עפולה",03/06/2023,13:00,,49.0,48.0,293.0,4.4,0.0,,,,,,
"עפולה, עפולה",03/06/2023,19:00,,73.0,21.4,302.0,3.1,0.0,,,,,,
"עפולה, עפולה",04/06/2023,01:00,,83.0,16.4,273.0,1.7,0.0,,,,,,
"עפולה, עפולה",04/06/2023,07:00,,75.0,35.1,136.0,1.1,0.0,,,,,,
"עפולה, עפולה",04/06/2023,13:00,,50.0,45.9,319.0,4.0,0.0,,,,,,
"עפולה, עפולה",04/06/2023,19:00,,74.0,21.3,313.0,2.8,0.0,,,,,,
"עפולה, עפולה",05/06/2023,01:00,,90.0,15.6,272.0,1.3,0.0,,,,,,
"עפולה, עפולה",05/06/2023,07:00,,78.0,38.3,288.0,1.7,0.0,,,,,,
"עפולה, עפולה",05/06/2023,13:00,,38.0,46.9,336.0,2.5,0.0,,,,,,
"עפולה, עפולה",05/06/2023,19:00,,73.0,20.8,312.0,3.1,0.0,,,,,,
"עפולה, עפולה",06/06/2023,01:00,,85.0,17.6,22.0,0.3,0.0,,,,,,
"עפולה, עפולה",06/06/2023,07:00,,72.0,38.9,229.0,0.8,0.0,,,,,,
"עפולה, עפולה",06/06/2023,13:00,,48.0,44.7,319.0,4.7,0.0,,,,,,
"עפולה, עפולה",06/06/2023,19:00,,77.0,21.6,300.0,3.3,0.0,,,,,,
"עפולה, עפולה",07/06/2023,01:00,,88.0,15.9,281.0,1.2,0.0,,,,,,
"עפולה, עפולה",07/06/2023,07:00,,77.0,35.7,316.0,2.4,0.0,,,,,,
"עפולה, עפולה",07/06/2023,13:00,,45.0,45.2,325.0,4.8,0.0,,,,,,
"עפולה, עפולה",07/06/2023,19:00,,76.0,22.4,321.0,2.7,0.0,,,,,,
"עפולה, עפולה",08/06/2023,01:00,,91.0,16.0,267.0,1.0,0.0,,,,,,
"עפולה, עפולה",08/06/2023,07:00,,89.0,28.2,205.0,0.7,0.0,,,,,,
"עפולה, עפולה",08/06/2023,13:00,,29.0,44.7,217.0,2.3,0.0,,,,,,
"עפולה, עפולה",08/06/2023,19:00,,66.0,24.6,239.0,1.8,0.0,,,,,,
"עפולה, עפולה",09/06/2023,01:00,,68.0,21.2,347.0,1.1,0.0,,,,,,
"עפולה, עפולה",09/06/2023,07:00,,52.0,26.2,99.0,5.8,0.0,,,,,,
"עפולה, עפולה",09/06/2023,13:00,,36.0,40.3,64.0,5.7,0.0,,,,,,
"עפולה, עפולה",09/06/2023,19:00,,36.0,31.0,49.0,3.7,0.0,,,,,,
"עפולה, עפולה",10/06/2023,01:00,,67.0,20.8,346.0,2.1,0.0,,,,,,
"עפולה, עפולה",10/06/2023,07:00,,68.0,37.1,334.0,1.1,0.0,,,,,,
"עפולה, עפולה",10/06/2023,13:00,,36.0,42.5,277.0,5.7,0.0,,,,,,
"עפולה, עפולה",10/06/2023,19:00,,75.0,23.5,277.0,3.5,0.0,,,,,,
"עפולה, עפולה",11/06/2023,01:00,,90.0,16.8,310.0,1.0,0.0,,,,,,
"עפולה, עפולה",11/06/2023,07:00,,82.0,32.9,282.0,1.3,0.0,,,,,,
"עפולה, עפולה",11/06/2023,13:00,,46.0,41.9,291.0,3.5,0.0,,,,,,
"עפולה, עפולה",11/06/2023,19:00,,71.0,22.5,288.0,2.5,0.0,,,,,,
"עפולה, עפולה",12/06/2023,01:00,,88.0,18.0,255.0,2.0,0.0,,,,,,
"עפולה, עפולה",12/06/2023,07:00,,70.0,36.2,301.0,1.1,0.0,,,,,,
"עפולה, עפולה",12/06/2023,13:00,,35.0,41.0,289.0,4.2,0.0,,,,,,
"כרמיאל, גליל מערבי",01/06/2023,01:00,,45.0,,184.0,0.8,0.0,,,,,,
"כרמיאל, גליל מערבי",01/06/2023,07:00,,46.0,,94.0,3.2,0.0,,,,,,
"כרמיאל, גליל מערבי",01/06/2023,13:00,,27.0,,264.0,5.9,0.0,,,,,,
"כרמיאל, גליל מערבי",01/06/2023,19:00,,30.0,,320.0,6.0,0.0,,,,,,
"כרמיאל, גליל מערבי",02/06/2023,01:00,,31.0,,79.0,2.7,0.0,,,,,,
"כרמיאל, גליל מערבי",02/06/2023,07:00,,37.0,,102.0,5.9,0.0,,,,,,
"כרמיאל, גליל מערבי",02/06/2023,13:00,,20.0,,112.0,4.6,0.0,,,,,,
"כרמיאל, גליל מערבי",02/06/2023,19:00,,21.0,,278.0,6.6,0.0,,,,,,
"כרמיאל, גליל מערבי",03/06/2023,01:00,,31.0,,41.0,2.3,0.0,,,,,,
"כרמיאל, גליל מערבי",03/06/2023,07:00,,63.0,,291.0,4.9,0.0,,,,,,
"כרמיאל, גליל מערבי",03/06/2023,13:00,,65.0,,273.0,6.7,0.0,,,,,,
"כרמיאל, גליל מערבי",03/06/2023,19:00,,89.0,,284.0,6.4,0.0,,,,,,
"כרמיאל, גליל מערבי",04/06/2023,01:00,,86.0,,283.0,2.6,0.0,,,,,,
"כרמיאל, גליל מערבי",04/06/2023,07:00,,70.0,,307.0,1.6,0.0,,,,,,
"כרמיאל, גליל מערבי",04/06/2023,13:00,,54.0,,283.0,6.2,0.0,,,,,,
"כרמיאל, גליל מערבי",04/06/2023,19:00,,79.0,,270.0,5.7,0.0,,,,,,
"כרמיאל, גליל מערבי",05/06/2023,01:00,,90.0,,272.0,4.0,0.0,,,,,,
"כרמיאל, גליל מערבי",05/06/2023,07:00,,72.0,,280.0,2.4,0.0,,,,,,
"כרמיאל, גליל מערבי",05/06/2023,13:00,,44.0,,268.0,6.0,0.0,,,,,,
"כרמיאל, גליל מערבי",05/06/2023,19:00,,79.0,,287.0,6.3,0.0,,,,,,
"כרמיאל, גליל מערבי",06/06/2023,01:00,,83.0,,331.0,2.9,0.0,,,,,,
"כרמיאל, גליל מערבי",06/06/2023,07:00,,77.0,,315.0,1.0,0.0,,,,,,
"כרמיאל, גליל מערבי",06/06/2023,13:00,,58.0,,284.0,7.6,0.0,,,,,,
"כרמיאל, גליל מערבי",06/06/2023,19:00,,78.0,,261.0,5.9,0.0,,,,,,
"כרמיאל, גליל מערבי",07/06/2023,01:00,,83.0,,291.0,5.5,0.0,,,,,,
"כרמיאל, גליל מערבי",07/06/2023,07:00,,70.0,,314.0,3.2,0.0,,,,,,
"כרמיאל, גליל מערבי",07/06/2023,13:00,,60.0,,282.0,8.2,0.0,,,,,,
"כרמיאל, גליל מערבי",07/06/2023,19:00,,84.0,,287.0,6.7,0.0,,,,,,
"כרמיאל, גליל מערבי",08/06/2023,01:00,,81.0,,106.0,1.3,0.0,,,,,,
"כרמיאל, גליל מערבי",08/06/2023,07:00,,73.0,,128.0,1.3,0.0,,,,,,
"כרמיאל, גליל מערבי",08/06/2023,13:00,,32.0,,214.0,3.6,0.0,,,,,,
"כרמיאל, גליל מערבי",08/06/2023,19:00,,65.0,,299.0,2.5,0.0,,,,,,
"כרמיאל, גליל מערבי",09/06/2023,01:00,,35.0,,102.0,2.1,0.0,,,,,,
"כרמיאל, גליל מערבי",09/06/2023,07:00,,38.0,,90.0,3.7,0.0,,,,,,
"כרמיאל, גליל מערבי",09/06/2023,13:00,,41.0,,98.0,8.1,0.0,,,,,,
"כרמיאל, גליל מערבי",09/06/2023,19:00,,35.0,,88.0,1.9,0.0,,,,,,
"כרמיאל, גליל מערבי",10/06/2023,01:00,,53.0,,268.0,2.9,0.0,,,,,,
"כרמיאל, גליל מערבי",10/06/2023,07:00,,62.0,,269.0,2.5,0.0,,,,,,
"כרמיאל, גליל מערבי",10/06/2023,13:00,,45.0,,273.0,8.1,0.0,,,,,,
"כרמיאל, גליל מערבי",10/06/2023,19:00,,82.0,,278.0,7.4,0.0,,,,,,
"כרמיאל, גליל מערבי",11/06/2023,01:00,,98.0,,288.0,2.9,0.0,,,,,,
"כרמיאל, גליל מערבי",11/06/2023,07:00,,87.0,,255.0,2.7,0.0,,,,,,
"כרמיאל, גליל מערבי",11/06/2023,13:00,,61.0,,285.0,6.4,0.0,,,,,,
"כרמיאל, גליל מערבי",11/06/2023,19:00,,79.0,,292.0,5.6,0.0,,,,,,
"כרמיאל, גליל מערבי",12/06/2023,01:00,,92.0,,265.0,3.5,0.0,,,,,,
"כרמיאל, גליל מערבי",12/06/2023,07:00,,79.0,,31.0,0.9,0.0,,,,,,
"כרמיאל, גליל מערבי",12/06/2023,13:00,,51.0,,270.0,5.3,0.0,,,,,,
"תל אביב-יפו, אוניברסיטה",01/06/2023,01:00,,58.0,,102.0,0.9,0.0,,,,,,
"תל אביב-יפו, אוניברסיטה",01/06/2023,07:00,,47.0,,15.0,2.0,0.0,,,,,,
"תל אביב-יפו, אוניברסיטה",01/06/2023,13:00,,49.0,,11.0,8.2,0.0,,,,,,
"תל אביב-יפו, אוניברסיטה",01/06/2023,19:00,,29.0,,28.0,4.8,0.0,,,,,,
"תל אביב-יפו, אוניברסיטה",02/06/2023,01:00,,52.0,,12.0,2.3,0.0,,,,,,
"תל אביב-יפו, אוניברסיטה",02/06/2023,07:00,,36.0,,121.0,1.4,0.0,,,,,,
"תל אביב-יפו, אוניברסיטה",02/06/2023,13:00,,21.0,,246.0,2.7,0.0,,,,,,
"תל אביב-יפו, אוניברסיטה",02/06/2023,19:00,,58.0,,357.0,2.6,0.0,,,,,,
"תל אביב-יפו, אוניברסיטה",03/06/2023,01:00,,43.0,,15.0,0.3,0.0,,,,,,
"תל אביב-יפו, אוניברסיטה",03/06/2023,07:00,,80.0,,270.0,2.7,0.0,,,,,,
"תל אביב-יפו, אוניברסיטה",03/06/2023,13:00,,72.0,,321.0,4.2,0.0,,,,,,
"תל אביב-יפו, אוניברסיטה",03/06/2023,19:00,,80.0,,333.0,3.9,0.0,,,,,,
"תל אביב-יפו, אוניברסיטה",04/06/2023,01:00,,76.0,,327.0,1.1,0.0,,,,,,
"תל אביב-יפו, אוניברסיטה",04/06/2023,07:00,,70.0,,322.0,1.8,0.0,,,,,,
"תל אביב-יפו, אוניברסיטה",04/06/2023,13:00,,74.0,,345.0,6.0,0.0,,,,,,
"תל אביב-יפו, אוניברסיטה",04/06/2023,19:00,,78.0,,4.0,6.5,0.0,,,,,,
"תל אביב-יפו, אוניברסיטה",05/06/2023,01:00,,76.0,,322.0,1.2,0.0,,,,,,
"תל אביב-יפו, אוניברסיטה",05/06/2023,07:00,,75.0,,305.0,1.5,0.0,,,,,,
"תל אביב-יפו, אוניברסיטה",05/06/2023,13:00,,61.0,,328.0,4.0,0.0,,,,,,
"תל אביב-יפו, אוניברסיטה",05/06/2023,19:00,,73.0,,349.0,3.9,0.0,,,,,,
"תל אביב-יפו, אוניברסיטה",06/06/2023,01:00,,73.0,,345.0,1.7,0.0,,,,,,
"תל אביב-יפו, אוניברסיטה",06/06/2023,07:00,,69.0,,274.0,1.7,0.0,,,,,,
"תל אביב-יפו, אוניברסיטה",06/06/2023,13:00,,66.0,,332.0,5.3,0.0,,,,,,
"תל אביב-יפו, אוניברסיטה",06/06/2023,19:00,,79.0,,5.0,4.9,0.0,,,,,,
"תל אביב-יפו, אוניברסיטה",07/06/2023,01:00,,77.0,,49.0,2.5,0.0,,,,,,
"תל אביב-יפו, אוניברסיטה",07/06/2023,07:00,,79.0,,350.0,2.6,0.0,,,,,,
"תל אביב-יפו, אוניברסיטה",07/06/2023,13:00,,67.0,,336.0,4.5,0.0,,,,,,
"תל אביב-יפו, אוניברסיטה",07/06/2023,19:00,,81.0,,358.0,4.6,0.0,,,,,,
"תל אביב-יפו, אוניברסיטה",08/06/2023,01:00,,83.0,,58.0,2.3,0.0,,,,,,
"תל אביב-יפו, אוניברסיטה",08/06/2023,07:00,,75.0,,86.0,1.4,0.0,,,,,,
"תל אביב-יפו, אוניברסיטה",08/06/2023,13:00,,79.0,,356.0,4.4,0.0,,,,,,
"תל אביב-יפו, אוניברסיטה",08/06/2023,19:00,,78.0,,58.0,0.6,0.0,,,,,,
"תל אביב-יפו, אוניברסיטה",09/06/2023,01:00,,53.0,,120.0,4.4,0.0,,,,,,
"תל אביב-יפו, אוניברסיטה",09/06/2023,07:00,,54.0,,88.0,3.3,0.0,,,,,,
"תל אביב-יפו, אוניברסיטה",09/06/2023,13:00,,54.0,,316.0,2.4,0.0,,,,,,
"תל אביב-יפו, אוניברסיטה",09/06/2023,19:00,,79.0,,8.0,5.0,0.0,,,,,,
"תל אביב-יפו, אוניברסיטה",10/06/2023,01:00,,85.0,,1.0,4.9,0.0,,,,,,
"תל אביב-יפו, אוניברסיטה",10/06/2023,07:00,,80.0,,243.0,1.4,0.0,,,,,,
"תל אביב-יפו, אוניברסיטה",10/06/2023,13:00,,81.0,,279.0,3.4,0.0,,,,,,
"תל אביב-יפו, אוניברסיטה",10/06/2023,19:00,,83.0,,315.0,2.6,0.0,,,,,,
"תל אביב-יפו, אוניברסיטה",11/06/2023,01:00,,83.0,,264.0,2.0,0.0,,,,,,
"תל אביב-יפו, אוניברסיטה",11/06/2023,07:00,,78.0,,232.0,3.0,0.0,,,,,,
"תל אביב-יפו, אוניברסיטה",11/06/2023,13:00,,74.0,,281.0,4.8,0.0,,,,,,
"תל אביב-יפו, אוניברסיטה",11/06/2023,19:00,,76.0,,326.0,3.1,0.0,,,,,,
"תל אביב-יפו, אוניברסיטה",12/06/2023,01:00,,79.0,,210.0,0.8,0.0,,,,,,
"תל אביב-יפו, אוניברסיטה",12/06/2023,07:00,,70.0,,114.0,1.1,0.0,,,,,,
"תל אביב-יפו, אוניברסיטה",12/06/2023,13:00,,67.0,,284.0,4.1,0.0,,,,,,
"עפולה, עפולה",01/06/2023,01:00,,81.0,11.7,352.0,1.2,0.0,,,,,,
"עפולה, עפולה",01/06/2023,07:00,,67.0,33.0,131.0,0.3,0.0,,,,,,
"עפולה, עפולה",01/06/2023,13:00,,37.0,41.5,332.0,4.8,0.0,,,,,,
"עפולה, עפולה",01/06/2023,19:00,,38.0,25.5,303.0,3.1,0.0,,,,,,
"עפולה, עפולה",02/06/2023,01:00,,50.0,22.5,282.0,1.9,0.0,,,,,,
"עפולה, עפולה",02/06/2023,07:00,,43.0,29.5,105.0,5.7,0.0,,,,,,
"עפולה, עפולה",02/06/2023,13:00,,26.0,46.4,100.0,5.3,0.0,,,,,,
"עפולה, עפולה",02/06/2023,19:00,,28.0,26.8,288.0,1.8,0.0,,,,,,
"עפולה, עפולה",03/06/2023,01:00,,48.0,20.3,64.0,0.4,0.0,,,,,,
"עפולה, עפולה",03/06/2023,07:00,,59.0,37.8,292.0,3.1,0.0,,,,,,
"עפולה, עפולה",03/06/2023,13:00,,49.0,48.0,293.0,4.4,0.0,,,,,,
"עפולה, עפולה",03/06/2023,19:00,,73.0,21.4,302.0,3.1,0.0,,,,,,
"עפולה, עפולה",04/06/2023,01:00,,83.0,16.4,273.0,1.7,0.0,,,,,,
"עפולה, עפולה",04/06/2023,07:00,,75.0,35.1,136.0,1.1,0.0,,,,,,
"עפולה, עפולה",04/06/2023,13:00,,50.0,45.9,319.0,4.0,0.0,,,,,,
"עפולה, עפולה",04/06/2023,19:00,,74.0,21.3,313.0,2.8,0.0,,,,,,
"עפולה, עפולה",05/06/2023,01:00,,90.0,15.6,272.0,1.3,0.0,,,,,,
"עפולה, עפולה",05/06/2023,07:00,,78.0,38.3,288.0,1.7,0.0,,,,,,
"עפולה, עפולה",05/06/2023,13:00,,38.0,46.9,336.0,2.5,0.0,,,,,,
"עפולה, עפולה",05/06/2023,19:00,,73.0,20.8,312.0,3.1,0.0,,,,,,
"עפולה, עפולה",06/06/2023,01:00,,85.0,17.6,22.0,0.3,0.0,,,,,,
"עפולה, עפולה",06/06/2023,07:00,,72.0,38.9,229.0,0.8,0.0,,,,,,
"עפולה, עפולה",06/06/2023,13:00,,48.0,44.7,319.0,4.7,0.0,,,,,,
"עפולה, עפולה",06/06/2023,19:00,,77.0,21.6,300.0,3.3,0.0,,,,,,
"עפולה, עפולה",07/06/2023,01:00,,88.0,15.9,281.0,1.2,0.0,,,,,,
"עפולה, עפולה",07/06/2023,07:00,,77.0,35.7,316.0,2.4,0.0,,,,,,
"עפולה, עפולה",07/06/2023,13:00,,45.0,45.2,325.0,4.8,0.0,,,,,,
"עפולה, עפולה",07/06/2023,19:00,,76.0,22.4,321.0,2.7,0.0,,,,,,
"עפולה, עפולה",08/06/2023,01:00,,91.0,16.0,267.0,1.0,0.0,,,,,,
"עפולה, עפולה",08/06/2023,07:00,,89.0,28.2,205.0,0.7,0.0,,,,,,
"עפולה, עפולה",08/06/2023,13:00,,29.0,44.7,217.0,2.3,0.0,,,,,,
"עפולה, עפולה",08/06/2023,19:00,,66.0,24.6,239.0,1.8,0.0,,,,,,
"עפולה, עפולה",09/06/2023,01:00,,68.0,21.2,347.0,1.1,0.0,,,,,,
"עפולה, עפולה",09/06/2023,07:00,,52.0,26.2,99.0,5.8,0.0,,,,,,
"עפולה, עפולה",09/06/2023,13:00,,36.0,40.3,64.0,5.7,0.0,,,,,,
"עפולה, עפולה",09/06/2023,19:00,,36.0,31.0,49.0,3.7,0.0,,,,,,
"עפולה, עפולה",10/06/2023,01:00,,67.0,20.8,346.0,2.1,0.0,,,,,,
"עפולה, עפולה",10/06/2023,07:00,,68.0,37.1,334.0,1.1,0.0,,,,,,
"עפולה, עפולה",10/06/2023,13:00,,36.0,42.5,277.0,5.7,0.0,,,,,,
"עפולה, עפולה",10/06/2023,19:00,,75.0,23.5,277.0,3.5,0.0,,,,,,
"עפולה, עפולה",11/06/2023,01:00,,90.0,16.8,310.0,1.0,0.0,,,,,,
"עפולה, עפולה",11/06/2023,07:00,,82.0,32.9,282.0,1.3,0.0,,,,,,
"עפולה, עפולה",11/06/2023,13:00,,46.0,41.9,291.0,3.5,0.0,,,,,,
"עפולה, עפולה",11/06/2023,19:00,,71.0,22.5,288.0,2.5,0.0,,,,,,
"עפולה, עפולה",12/06/2023,01:00,,88.0,18.0,255.0,2.0,0.0,,,,,,
"עפולה, עפולה",12/06/2023,07:00,,70.0,36.2,301.0,1.1,0.0,,,,,,
"עפולה, עפולה",12/06/2023,13:00,,35.0,41.0,289.0,4.2,0.0,,,,,,
"כרמיאל, גליל מערבי",01/06/2023,01:00,,45.0,,184.0,0.8,0.0,,,,,,
"כרמיאל, גליל מערבי",01/06/2023,07:00,,46.0,,94.0,3.2,0.0,,,,,,
"כרמיאל, גליל מערבי",01/06/2023,13:00,,27.0,,264.0,5.9,0.0,,,,,,
"כרמיאל, גליל מערבי",01/06/2023,19:00,,30.0,,320.0,6.0,0.0,,,,,,
"כרמיאל, גליל מערבי",02/06/2023,01:00,,31.0,,79.0,2.7,0.0,,,,,,
"כרמיאל, גליל מערבי",02/06/2023,07:00,,37.0,,102.0,5.9,0.0,,,,,,
"כרמיאל, גליל מערבי",02/06/2023,13:00,,20.0,,112.0,4.6,0.0,,,,,,
"כרמיאל, גליל מערבי",02/06/2023,19:00,,21.0,,278.0,6.6,0.0,,,,,,
"כרמיאל, גליל מערבי",03/06/2023,01:00,,31.0,,41.0,2.3,0.0,,,,,,
"כרמיאל, גליל מערבי",03/06/2023,07:00,,63.0,,291.0,4.9,0.0,,,,,,
"כרמיאל, גליל מערבי",03/06/2023,13:00,,65.0,,273.0,6.7,0.0,,,,,,
"כרמיאל, גליל מערבי",03/06/2023,19:00,,89.0,,284.0,6.4,0.0,,,,,,
"כרמיאל, גליל מערבי",04/06/2023,01:00,,86.0,,283.0,2.6,0.0,,,,,,
"כרמיאל, גליל מערבי",04/06/2023,07:00,,70.0,,307.0,1.6,0.0,,,,,,
"כרמיאל, גליל מערבי",04/06/2023,13:00,,54.0,,283.0,6.2,0.0,,,,,,
"כרמיאל, גליל מערבי",04/06/2023,19:00,,79.0,,270.0,5.7,0.0,,,,,,
"כרמיאל, גליל מערבי",05/06/2023,01:00,,90.0,,272.0,4.0,0.0,,,,,,
"כרמיאל, גליל מערבי",05/06/2023,07:00,,72.0,,280.0,2.4,0.0,,,,,,
"כרמיאל, גליל מערבי",05/06/2023,13:00,,44.0,,268.0,6.0,0.0,,,,,,
"כרמיאל, גליל מערבי",05/06/2023,19:00,,79.0,,287.0,6.3,0.0,,,,,,
"כרמיאל, גליל מערבי",06/06/2023,01:00,,83.0,,331.0,2.9,0.0,,,,,,
"כרמיאל, גליל מערבי",06/06/2023,07:00,,77.0,,315.0,1.0,0.0,,,,,,
"כרמיאל, גליל מערבי",06/06/2023,13:00,,58.0,,284.0,7.6,0.0,,,,,,
"כרמיאל, גליל מערבי",06/06/2023,19:00,,78.0,,261.0,5.9,0.0,,,,,,
"כרמיאל, גליל מערבי",07/06/2023,01:00,,83.0,,291.0,5.5,0.0,,,,,,
"כרמיאל, גליל מערבי",07/06/2023,07:00,,70.0,,314.0,3.2,0.0,,,,,,
"כרמיאל, גליל מערבי",07/06/2023,13:00,,60.0,,282.0,8.2,0.0,,,,,,
"כרמיאל, גליל מערבי",07/06/2023,19:00,,84.0,,287.0,6.7,0.0,,,,,,
"כרמיאל, גליל מערבי",08/06/2023,01:00,,81.0,,106.0,1.3,0.0,,,,,,
"כרמיאל, גליל מערבי",08/06/2023,07:00,,73.0,,128.0,1.3,0.0,,,,,,
"כרמיאל, גליל מערבי",08/06/2023,13:00,,32.0,,214.0,3.6,0.0,,,,,,
"כרמיאל, גליל מערבי",08/06/2023,19:00,,65.0,,299.0,2.5,0.0,,,,,,
"כרמיאל, גליל מערבי",09/06/2023,01:00,,35.0,,102.0,2.1,0.0,,,,,,
"כרמיאל, גליל מערבי",09/06/2023,07:00,,38.0,,90.0,3.7,0.0,,,,,,
"כרמיאל, גליל מערבי",09/06/2023,13:00,,41.0,,98.0,8.1,0.0,,,,,,
"כרמיאל, גליל מערבי",09/06/2023,19:00,,35.0,,88.0,1.9,0.0,,,,,,
"כרמיאל, גליל מערבי",10/06/2023,01:00,,53.0,,268.0,2.9,0.0,,,,,,
"כרמיאל, גליל מערבי",10/06/2023,07:00,,62.0,,269.0,2.5,0.0,,,,,,
"כרמיאל, גליל מערבי",10/06/2023,13:00,,45.0,,273.0,8.1,0.0,,,,,,
"כרמיאל, גליל מערבי",10/06/2023,19:00,,82.0,,278.0,7.4,0.0,,,,,,
"כרמיאל, גליל מערבי",11/06/2023,01:00,,98.0,,288.0,2.9,0.0,,,,,,
"כרמיאל, גליל מערבי",11/06/2023,07:00,,87.0,,255.0,2.7,0.0,,,,,,
"כרמיאל, גליל מערבי",11/06/2023,13:00,,61.0,,285.0,6.4,0.0,,,,,,
"כרמיאל, גליל מערבי",11/06/2023,19:00,,79.0,,292.0,5.6,0.0,,,,,,
"כרמיאל, גליל מערבי",12/06/2023,01:00,,92.0,,265.0,3.5,0.0,,,,,,
"כרמיאל, גליל מערבי",12/06/2023,07:00,,79.0,,31.0,0.9,0.0,,,,,,
"כרמיאל, גליל מערבי",12/06/2023,13:00,,51.0,,270.0,5.3,0.0,,,,,,
